Episode,Reward
1,-141.11537
2,-149.07535
3,-132.49303
4,-149.43787
5,-133.84445
6,-150.8588
7,-128.58768
8,-141.83078
9,-100.01
10,-138.74504
11,-146.28674
12,-164.2625
13,604.8647
14,-136.14482
15,-145.20343
16,-133.50641
17,-130.48679
18,-150.21922
19,-155.9349
20,-140.18564
21,-133.29945
22,-137.47884
23,-159.50493
24,338.71228
25,-147.17603
26,-143.97926
27,-156.61197
28,-163.26643
29,-145.18137
30,-153.45291
31,492.9097
32,-144.53697
33,-134.88567
34,-162.06784
35,-100.01
36,-150.50018
37,-133.03935
38,758.1958
39,-142.51302
40,-100.02
41,-114.71542
42,-146.50894
43,-136.8421
44,-158.45985
45,20.559906
46,-135.04567
47,-131.16345
48,-139.16014
49,-136.71967
50,-149.14519
51,-108.28201
52,-140.70639
53,907.35474
54,166.96811
55,-145.69075
56,555.50397
57,525.63184
58,-63.773903
59,-141.15923
60,-138.85944
61,-153.19798
62,-152.73878
63,4.38575
64,-139.40012
65,-135.58887
66,-156.83713
67,-144.74078
68,-100.01
69,-151.4104
70,-136.66403
71,-144.19919
72,-158.70348
73,-20.70774
74,59.61991
75,-140.97621
76,-49.044262
77,1484.3478
78,-123.07886
79,-100.02
80,-125.32201
81,-114.73016
82,-132.12468
83,-7.1073914
84,388.97943
85,-108.437874
86,310.78503
87,23.42015
88,564.0874
89,-126.89908
90,-88.27781
91,-131.81195
92,-100.01
93,530.33685
94,-28.752464
95,140.76158
96,-74.28588
97,-128.52676
98,551.58374
99,-132.7864
100,-110.62548
101,-136.67369
102,-101.16662
103,-128.01936
104,-132.25833
105,-118.10383
106,-135.20778
107,-9.495247
108,-109.32271
109,-137.85443
110,-127.007126
111,328.55597
112,-112.69708
113,-112.156906
114,-127.234604
115,-138.66281
116,-120.59703
117,-111.79909
118,-127.90507
119,-114.28691
120,-123.30735
121,-122.937096
122,-135.32153
123,-118.927345
124,-113.01873
125,-116.92371
126,-128.73409
127,-127.893906
128,-116.59722
129,-137.73578
130,-115.4688
131,-114.05921
133,-124.82552
134,-91.180786
135,-149.0753
136,-132.84705
137,-125.44767
138,-152.40434
139,304.1263
140,-144.44856
141,-116.41503
142,-128.23831
143,-135.81702
144,-152.99002
145,-146.8422
146,-133.2366
147,-136.66777
148,-131.9232
149,-244.54755
150,273.09225
151,-137.82295
152,762.8446
153,-120.866165
154,-137.64394
155,-134.59346
156,-100.02
157,-145.21332
158,-161.45609
159,-141.43314
160,408.80975
161,-146.93826
164,451.88208
165,155.28088
167,-125.68978
168,-164.70508
169,407.39035
171,431.24994
172,-46.600945
173,-144.4537
174,-130.30038
175,-144.29773
176,-148.89018
177,-111.73412
178,-137.38179
179,-145.28787
180,-124.98322
181,589.36536
182,189.72754
183,-131.99998
184,-143.39018
185,128.56824
186,-146.49026
187,-128.2067
188,-128.14088
189,-113.247795
190,-214.66498
191,-108.708206
192,189.72235
193,-142.0615
194,-142.73657
195,-150.36902
196,-138.6469
197,-142.67139
198,-155.2527
199,-154.0694
200,-150.7875
201,-144.8504
202,-125.35181
203,755.3937
204,-123.93155
205,-149.30814
206,-135.4229
207,-144.94867
208,-148.40347
209,-156.67746
210,-139.58542
211,-127.889984
212,-146.7673
213,-147.95802
214,-144.45084
215,322.77063
216,690.4128
217,-146.79066
218,-130.39763
219,-137.2545
220,779.58167
221,-129.90999
222,-132.56999
223,39.566414
224,-149.18549
225,-115.11762
227,-134.76051
228,-118.92284
229,530.13135
231,36.016533
232,-132.98059
233,-128.1777
234,-105.08249
235,-125.30001
236,-108.80834
237,-116.73493
238,681.77563
239,-137.51001
240,-104.40431
241,-109.16
242,-100.955894
243,-100.611595
244,214.42923
245,-122.69001
246,-117.00976
247,-125.91063
248,-96.38868
249,-123.69337
250,-125.34044
251,77.91687
252,-126.79404
253,-124.85647
254,-98.66071
255,327.50827
256,-111.39888
257,-127.26441
258,-2.899063
259,769.00696
260,70.54112
261,-115.95999
262,170.14651
263,-107.55541
264,-139.06787
265,-136.5923
266,-118.29999
267,-138.49297
268,-133.21997
269,478.92383
270,-100.01
271,-141.31998
272,-124.99213
273,-137.36655
274,-128.40997
275,-129.43979
276,-121.44998
277,-134.21265
278,-123.65198
279,-127.70003
280,829.8729
281,-117.73836
282,684.3114
283,-100.01
284,-149.90173
285,-156.49225
286,-154.96606
287,-157.62671
288,-142.35999
289,-140.31999
290,-147.87997
291,-136.01999
292,-136.45
293,-205.84526
294,-182.93826
295,-127.97512
296,-137.32526
297,-146.99632
298,-135.40143
299,-110.16835
300,-167.04199
301,-117.29542
302,33.465546
303,-112.45
304,-130.04404
305,-117.76001
306,-100.0599
307,-115.47003
308,-133.95001
309,686.1157
310,-93.60277
311,-64.20807
312,37.12802
313,-29.350441
314,-30.81131
315,-6.979103
316,-57.13567
317,-94.26307
318,-137.19348
319,-120.070015
320,-120.14235
321,1631.5726
322,-107.31167
323,-120.47864
324,-122.13999
325,-123.853584
326,-118.04957
327,-118.82001
328,79.06127
329,-134.29362
330,361.9602
331,-125.990005
332,727.8653
333,-130.09929
334,-140.17001
335,-120.600006
336,-134.05202
337,-136.25998
338,-100.01
339,-152.7069
340,-122.365654
341,-154.01999
342,-154.17245
343,-135.4
344,-121.989044
345,-116.992966
346,-108.67055
347,-117.696625
348,-121.429756
349,-177.37823
350,129.1102
351,442.6915
352,-159.43196
353,631.04474
354,-121.719986
355,-122.55999
356,598.58307
357,-140.01997
358,-154.1823
359,-123.45445
360,-154.36998
361,-147.90997
362,-128.05399
363,-142.13998
364,-121.44998
365,-140.35464
366,-146.29459
367,-146.55997
368,-135.01463
369,-152.34996
370,-135.99998
371,254.10355
372,218.16743
373,-138.97998
374,-113.950005
375,-100.01
376,-109.87
377,-125.350006
378,-122.636856
379,-129.56342
380,-114.06
381,432.99435
382,-139.06001
383,-130.18063
384,-137.97629
385,-114.06
386,-131.95862
387,12.811562
388,-131.52354
389,-117.72
390,-126.520004
391,-134.22002
392,-139.06001
393,-113.32001
394,-139.06001
395,37.807266
396,-109.77
397,-108.65776
398,-128.00864
399,-138.28815
400,-113.08695
401,-125.36989
402,464.7777
403,-169.28006
404,-137.09
405,-143.47998
406,-160.02032
407,-163.81996
409,-112.6
410,-129.70001
411,-176.40005
412,-156.91997
413,-135.52002
414,-162.93997
415,-129.02002
416,-137.6009
418,1069.2397
419,-127.75999
420,-279.91388
421,-155.49997
422,-145.86998
423,-162.10997
424,-141.59999
425,-136.45
426,-154.01999
427,-134.64998
428,-142.8244
429,195.31357
430,-152.02892
431,-146.95654
432,-140.73157
433,-151.4823
434,-162.49963
435,-134.37729
436,-130.76654
437,-144.77261
438,-136.41148
439,-100.02
440,-147.70178
441,481.199
442,-147.55487
443,-121.041306
444,-134.56805
445,-139.73863
446,-141.06982
447,-132.87366
448,-142.50565
449,-150.36276
450,-100.02
451,-136.49014
452,-153.92847
453,-148.67918
454,-106.893005
455,1094.3733
456,-142.4263
457,218.14941
458,-141.44852
459,-156.15509
460,-147.91199
461,-156.9802
462,-100.02
463,-145.85574
464,-160.2814
465,-135.30243
466,-144.97507
467,-155.92265
468,-136.29253
469,-145.67291
470,-147.49521
471,484.39514
472,-145.96155
473,-149.49393
474,-141.61342
475,308.7828
476,-142.80707
477,-134.79715
478,-141.38524
479,862.6673
480,-141.15335
481,-137.81052
482,-132.49728
483,29.834305
484,591.7019
485,57.907974
486,101.07661
487,-100.01
488,-126.58487
489,-124.838646
490,-146.0994
491,-145.45526
492,-100.02
493,189.28265
494,-100.01
495,-147.13016
496,-137.88243
497,-140.3544
498,-135.93163
499,-150.35425
500,-105.6171
501,-147.30617
502,-151.21669
503,-143.78189
504,-134.05132
505,-151.97203
506,-114.37009
507,-138.7611
508,-147.31862
509,-155.00499
510,-143.64835
511,-135.04233
512,-143.41052
513,-100.02
514,-4.823677
515,-131.7308
516,-127.499756
517,-42.199707
518,10.163979
519,-113.18139
520,-100.01
521,-32.89818
522,-114.620346
523,-100.01
524,-39.761112
525,-39.590237
526,-100.01
527,-137.03592
528,56.57563
529,-4.9783783
530,249.71321
531,-153.14589
532,-123.812256
533,-154.93558
534,-109.92415
535,1146.3164
536,-154.60585
537,-126.76534
538,-128.65509
539,-137.93268
540,-142.74017
541,-145.02325
542,271.64944
543,-137.50586
544,-146.92982
545,-112.850365
546,-127.69302
547,10.942116
548,-127.832825
549,382.3318
550,74.41211
551,-100.01
552,-152.89069
553,-131.54651
554,-134.64212
555,-124.75165
556,-151.69887
557,-138.16609
558,-143.41414
559,-133.75055
560,757.9337
561,-136.09952
562,611.61835
563,20.637016
564,26.954758
565,-121.65084
566,-112.87675
567,-126.67479
568,-108.40708
569,898.7083
570,-154.85411
571,65.25926
572,-113.37548
573,-111.04605
574,-130.33073
575,-119.08333
576,511.83514
577,-113.9378
578,-139.00961
580,-124.63376
581,-158.81552
582,353.0128
583,-120.08562
584,-154.47006
585,-155.93088
586,-40.699387
587,55.682327
588,5.043442
589,19.269417
590,-100.01
591,-35.009087
592,-123.101
593,-129.44066
594,-102.741295
595,-135.16867
596,-138.58313
597,-123.74379
598,53.774796
599,-33.426086
600,-131.48726
601,-142.6573
603,-140.72552
604,79.27834
605,-1.3532715
606,88.108986
607,-122.72999
608,-41.02182
609,-121.996765
610,-130.40323
611,102.72009
613,134.98367
614,-145.2691
615,-145.75298
616,70.472595
617,-213.78397
618,-134.29716
619,-116.29104
620,-141.2892
621,-120.27023
622,-119.462845
623,-99.94558
624,-113.242294
625,-37.106224
626,-19.278473
627,-130.65642
628,170.40128
629,-120.15999
630,-113.54398
631,-18.283592
632,-114.06651
633,-100.01
634,-125.47145
635,79.32335
636,-124.57071
637,-127.80492
638,-119.88735
639,-166.88327
640,-12.689178
641,-69.72763
642,-132.34877
643,-100.01
644,-21.315681
645,-94.965004
646,-110.19666
647,-91.83439
648,119.31076
649,-93.24982
650,-112.06802
651,-112.08174
652,-123.76268
653,-115.03981
654,248.37778
655,-100.01
656,-100.01
657,-131.4119
658,-125.80458
659,-133.23605
660,-134.62888
661,-127.61102
662,-151.79005
663,-125.86619
664,-116.56069
665,-142.96959
666,31.450836
667,-144.5101
668,-139.63998
669,-151.4704
670,43.40145
671,-143.60999
672,-150.0567
673,-148.05807
674,-100.02
675,-108.61948
676,-152.51051
677,262.25583
679,873.5538
680,-119.23227
681,-180.27615
682,-157.84416
683,-158.10997
684,-165.3614
685,-160.76999
686,-161.66997
687,-140.58145
688,-136.29596
689,-147.30017
690,-136.18
691,633.9463
692,-140.31999
693,-155.29999
694,-130.01016
695,-136.19998
696,-141.25998
697,-136.31018
698,-149.61998
699,-141.53998
700,-151.55066
701,-165.96997
702,-144.46011
703,-148.24998
704,-150.31003
705,-136.18
706,851.0772
707,-157.98018
708,-141.7601
709,-135.59006
710,-135.12
711,-144.04999
712,-154.95999
713,-158.21014
714,563.2711
715,-142.35999
716,-100.02
717,-138.10999
718,-157.77997
719,-160.92616
720,-145.55998
721,848.67303
722,-158.14998
723,-145.18
724,-152.02997
725,-100.02
726,-148.71997
727,-156.44998
728,489.7743
729,-170.29852
730,324.80286
731,-114.81226
732,-9.284157
733,-116.44893
734,-25.731865
735,-32.260414
736,-100.02
737,49.78945
738,-85.64525
739,-88.57144
740,-14.209068
741,-123.34083
742,-67.0142
743,-95.196335
744,-121.14001
745,-115.83392
746,-129.17677
747,-56.800232
748,-104.30699
749,127.64529
750,-131.69455
751,-132.54132
752,-59.88886
753,-133.29001
754,-136.35002
755,-128.95001
756,-96.40581
757,-117.630005
758,-140.12897
759,-108.369484
760,28.18608
761,-122.20982
762,150.59097
763,512.13086
764,87.381256
765,106.404594
767,-129.43533
768,-137.69371
770,-127.87913
771,-139.30997
772,-125.613434
774,-131.43997
776,94.62811
777,-18.831299
778,-130.7905
779,-97.57025
780,-147.49931
781,-165.65323
782,91.64714
783,-161.71997
784,-297.18216
785,-156.47998
788,-176.99377
790,-100.02
792,-122.43001
793,-124.44001
795,-118.31001
796,-158.25998
797,-139.31967
799,-216.23532
801,-292.5096
802,-144.46399
803,540.12744
804,-131.49362
805,-191.7445
806,345.81824
807,-147.36517
808,-136.63892
809,-143.53334
810,-136.31895
811,-137.86052
812,-147.93216
813,-134.55261
814,-135.79732
815,-163.44388
816,-138.09724
817,-129.80472
818,-137.42763
819,-107.456985
820,-146.37733
821,-156.09628
822,-149.40372
823,-145.13458
824,-140.40065
825,-133.05261
826,-151.51035
827,-152.3015
828,-142.40186
829,-126.873375
830,-161.13663
831,-135.95032
832,-149.11731
833,-147.09445
834,-154.24736
835,-131.61304
836,399.65686
837,-129.49466
838,-113.98685
839,17.225723
840,-140.76965
841,-155.27519
842,-139.93344
843,-122.65394
844,-140.28722
845,-124.0795
846,139.11913
847,-129.36533
848,-155.71756
849,-116.72307
850,-156.35526
851,-128.59286
852,-133.89856
853,285.59686
854,-137.00652
855,-120.92087
856,-125.12197
857,-101.22779
858,502.5881
859,-149.17844
860,-140.05574
861,-100.02
862,-140.54042
863,-134.77669
864,-143.57234
865,-210.11359
866,-153.4727
867,-131.32689
868,-133.95236
869,-143.66614
870,-133.42137
871,-158.13437
872,-76.62849
873,-143.69205
874,-134.67516
875,500.4995
876,-138.38525
877,-131.31815
878,-138.4371
879,-139.36066
880,118.39324
881,-147.54431
882,-136.17616
883,-100.01
884,-194.61221
885,-131.23007
886,-100.01
887,-133.94968
888,157.95038
889,-151.39688
890,-152.43596
891,-156.96619
892,-157.29611
893,-141.84111
894,-149.21661
895,-136.12604
896,-150.6107
897,470.43573
898,-136.73505
899,-142.19128
900,-137.8303
901,-135.91281
902,-149.39381
903,25.73291
904,-124.53148
905,-142.89044
906,-163.22803
908,-136.42676
909,-157.9681
910,-159.1124
911,279.26056
912,49.709312
913,-153.28444
914,232.87941
915,-120.44291
916,16.69194
917,-132.98686
918,-139.91083
919,-143.5512
920,81.15082
921,-151.37616
922,327.2606
923,-32.71041
924,-124.55321
925,587.69556
926,-128.9656
927,30.367783
928,390.47406
929,-106.43936
930,-120.24406
931,113.7372
932,-25.177597
933,-139.40433
934,-145.55028
935,-114.16936
936,-168.39536
937,44.0512
938,-161.29079
939,-145.50998
940,-147.67223
941,-137.07999
942,-134.4491
943,-160.6027
944,-68.778305
945,-155.50282
946,-139.12155
947,164.86911
948,-134.82977
949,-129.53877
950,-120.403854
951,-150.70732
952,711.93744
953,-141.57397
954,-139.16362
955,-137.1051
956,-143.98206
957,-133.14246
958,-139.96228
959,-16.343697
960,-117.16461
961,-114.11533
962,601.23126
963,-2.239151
964,-138.10591
966,211.42694
967,-187.58246
968,-177.32562
969,-122.59392
971,-122.68631
972,13.586403
973,300.68604
975,-136.1698
976,-190.99286
977,-133.7008
978,-163.91899
979,-138.15433
980,-115.90988
981,-130.56407
982,-115.54001
983,-131.45895
985,-134.10895
987,-118.33453
988,-121.49906
989,-113.76872
990,326.62463
991,-123.95265
992,-116.394775
993,-139.07208
994,-120.87895
995,-130.78377
996,-138.81871
997,-127.13003
998,-60.237034
999,-121.47527
1000,-129.31273
1001,-52.051224
1002,76.09849
1003,-117.94771
1004,-64.08942
1005,-119.92923
1006,-111.302475
1007,-123.072174
1008,-111.12612
1009,-121.70679
1010,1454.3264
1011,-118.47361
1012,-125.98924
1013,-115.55001
1014,-84.70028
1015,-154.12866
1016,-72.39063
1017,102.7221
1018,-160.47208
1019,-135.1778
1020,465.10254
1021,1328.5872
1022,-22.396103
1023,-125.15935
1024,219.77069
1025,53.86438
1026,-129.17096
1027,275.06732
1028,-137.28882
1029,-33.41555
1030,-20.882393
1031,-121.306175
1032,-123.01854
1033,-139.7475
1034,-112.68001
1035,-114.29001
1036,-134.94803
1037,-107.558136
1038,38.54119
1039,-110.149704
1040,-130.45067
1041,-126.30996
1042,-129.94727
1043,-132.24884
1044,-86.3063
1045,-123.75859
1046,-139.16644
1047,38.70423
1048,-170.7822
1049,-117.86001
1050,-214.50696
1051,-138.905
1052,-114.61534
1053,-50.51529
1054,-126.676895
1055,-185.88132
1056,-123.00191
1057,-137.96428
1058,-117.43504
1059,-132.23001
1060,873.96375
1061,-118.553955
1062,-129.00002
1063,367.84418
1064,-115.63834
1065,-132.63072
1066,-127.52932
1067,164.65576
1068,1725.7115
1069,-131.28793
1070,-119.649925
1072,-191.4116
1073,-116.28912
1074,-228.26624
1075,-237.4628
1076,-151.55502
1077,-148.89998
1078,-134.77013
1079,-123.78607
1080,-126.29358
1081,-117.93955
1082,-16.31688
1083,-154.19397
1084,-135.44002
1085,-132.5931
1086,-128.01297
1087,-225.46893
1088,-148.12607
1089,-80.25978
1090,528.8611
1091,-58.863678
1092,-125.16002
1093,-54.78298
1094,364.32233
1095,-126.37001
1096,-129.82979
1097,832.59796
1098,-127.44
1099,-134.07
1100,-104.09228
1101,-107.46499
1102,-131.92001
1103,-122.56001
1104,-128.46999
1105,-108.43479
1106,-124.500015
1107,-100.02
1108,-16.881134
1109,-116.938995
1110,-117.11688
1111,-127.56001
1112,-131.77
1113,-129.3977
1114,-111.71783
1115,-115.49514
1116,-111.97965
1117,-24.015205
1118,-216.3483
1119,-141.24998
1120,-158.47108
1121,-139.60997
1122,-142.9
1123,-144.87999
1124,544.1252
1125,-149.05998
1126,-127.15001
1127,-138.88367
1128,-145.55998
1129,-161.03322
1130,-163.03139
1131,-140.83997
1132,63.52855
1133,-139.33998
1134,-132.6
1135,75.900055
1136,-94.25547
1137,-152.23384
1138,-131.34511
1140,-125.71001
1141,21.05542
1142,-97.73402
1143,-137.3689
1144,-153.44995
1145,77.316696
1146,-103.65442
1147,-21.93251
1148,-92.11696
1149,-137.89236
1150,-105.31413
1151,-125.73722
1152,21.432602
1153,-144.35341
1154,-142.18071
1155,-153.25644
1156,-134.84251
1157,-139.86855
1158,1093.9482
1159,-132.69922
1160,-134.80963
1161,-160.20584
1162,-159.77914
1163,-131.09082
1164,235.67834
1165,-151.78378
1166,-100.02
1167,-100.01
1168,-132.70009
1169,-163.12756
1170,-149.9076
1171,-140.62659
1172,-100.01
1173,-149.85466
1174,483.24362
1175,-142.04056
1176,-139.54395
1177,-163.77399
1178,-138.59897
1179,-149.87257
1180,2066.8357
1181,757.37854
1182,-138.41217
1183,-100.01
1184,-140.28192
1185,-137.70764
1186,-137.64377
1187,430.28296
1188,-130.99998
1189,-119.70507
1190,-129.99612
1191,-107.66995
1192,-102.98238
1193,-139.11687
1194,-100.02
1195,-122.372635
1196,-124.773865
1197,-103.09133
1198,-114.462524
1199,-100.01
1200,-111.5579
1201,40.129875
1202,-114.2545
1203,232.93007
1204,530.3535
1205,26.988007
1206,845.5676
1207,-104.68723
1208,-99.55151
1209,125.74283
1210,928.7883
1211,-135.15302
1212,-157.80405
1213,-126.78932
1214,-150.78064
1215,-138.0435
1216,-140.76021
1217,-139.36176
1218,-160.00835
1219,-160.57782
1220,-154.77487
1221,-147.49759
1222,-128.0826
1223,-143.79428
1224,-108.95049
1225,-135.86407
1226,-49.452427
1227,270.2821
1228,204.11258
1229,-144.85466
1230,-138.78734
1231,-132.44478
1232,-138.60294
1233,-131.0542
1234,-135.9326
1235,-135.33122
1236,-122.91678
1237,-142.93369
1238,-150.86082
1239,-127.28634
1240,-141.64438
1241,-144.48335
1242,-129.6599
1243,-157.34213
1244,-124.83523
1245,-138.32222
1246,-135.8884
1247,753.3772
1248,678.30566
1249,-125.31447
1250,-120.42309
1251,-118.70903
1252,-122.792175
1253,-110.90544
1254,-129.16794
1255,-126.47791
1256,-108.91138
1257,-90.49197
1258,-129.55869
1259,-100.01
1260,-125.56433
1261,-2.4541245
1262,865.84216
1263,-118.81008
1264,-138.77826
1265,-118.27611
1266,-111.32813
1267,313.24323
1268,24.093994
1269,-135.00795
1270,-20.51966
1271,-111.08121
1272,-138.65222
1273,-134.73288
1274,-127.1733
1275,-135.8175
1276,-147.09839
1277,-114.243164
1278,-112.747055
1279,-133.06732
1280,-122.659195
1281,-12.191597
1282,-107.75029
1283,-97.3587
1284,28.591919
1285,-120.09691
1286,-92.587875
1287,-130.70117
1288,-123.511345
1289,603.42035
1290,71.80737
1291,27.422462
1292,-138.41632
1293,-118.0169
1294,24.609245
1295,-100.01
1296,-33.399055
1297,-127.59324
1298,-59.813747
1299,-114.74023
1300,109.08269
1301,478.98633
1302,-64.28534
1303,-115.576126
1304,53.02588
1305,-137.03311
1306,-125.03979
1307,1.774231
1308,-135.17178
1309,339.4851
1310,-112.12677
1311,131.68765
1312,282.43375
1313,-3.6550217
1314,-26.881264
1315,-121.65683
1316,-28.272324
1317,15.665878
1318,54.367783
1319,-105.59923
1320,258.02658
1321,-37.03292
1322,-100.340996
1323,-61.533268
1324,-121.13088
1325,-117.89023
1326,-63.994804
1327,-100.02
1328,-135.57843
1329,-112.69562
1330,-101.901436
1331,-102.31353
1332,-39.523067
1333,-117.12949
1334,-12.816193
1335,128.73
1336,113.85053
1337,-112.02434
1338,-115.80982
1339,-20.179428
1340,-109.32945
1341,-112.059944
1342,-138.6283
1343,-112.628
1344,328.02667
1345,-139.08493
1346,-134.97609
1347,-120.854546
1348,-116.67469
1349,-124.96409
1350,-120.288635
1351,-127.02759
1352,-107.8172
1353,-128.56001
1354,-136.33733
1355,-118.13931
1356,-108.75
1357,-100.01
1358,-114.515945
1359,-138.0649
1360,67.08278
1361,-121.13161
1362,-122.34318
1363,-109.508575
1364,57.365532
1365,-40.01286
1366,-123.0547
1367,-128.48701
1368,-14.048805
1369,-120.19691
1370,-0.8538132
1371,-54.293186
1372,40.682686
1373,-112.88592
1374,21.457657
1375,-121.89669
1376,-125.0486
1377,-112.20713
1378,-126.87019
1379,150.71829
1380,-99.95653
1381,394.56512
1382,-49.15903
1383,-105.95581
1384,-47.052704
1385,-116.675766
1386,-15.186035
1387,-117.52726
1388,-114.56935
1389,-128.35
1390,-123.52701
1391,-127.21655
1392,-121.24919
1393,-121.90922
1394,-115.323944
1395,-100.02
1396,12.217094
1397,-123.205345
1398,-114.2008
1399,-12.66748
1400,-103.792984
1401,115.36409
1402,-117.44526
1403,-37.699654
1404,-128.43947
1405,-103.91232
1406,-118.53999
1407,104.58707
1408,-22.392914
1409,257.32623
1410,-146.86807
1411,18.04686
1412,591.15656
1413,-97.5733
1414,431.39362
1415,-135.10507
1416,-118.5654
1417,-136.26593
1418,-119.235146
1419,-119.661896
1420,-120.93122
1421,-124.47999
1422,-137.14998
1423,-141.16997
1424,-109.1014
1425,-120.08999
1426,-125.71631
1427,-136.1148
1428,-136.40997
1429,-115.56865
1430,-121.999985
1431,-140.60997
1432,-121.98999
1433,-123.37594
1434,-114.85469
1435,-124.91733
1436,-123.80998
1437,474.58
1438,-109.198204
1439,-126.95423
1440,-117.25482
1441,-106.28726
1442,-123.12999
1443,-133.61996
1444,-133.3826
1445,-105.0459
1446,-116.251175
1447,-118.86651
1448,-118.50499
1449,-111.24777
1450,-117.0212
1451,-157.07559
1452,-129.23297
1453,-110.61343
1454,-121.4893
1457,-111.16892
1458,-144.25479
1459,101.10595
1460,13.87925
1461,-13.591797
1462,698.93335
1463,118.760315
1464,-104.24268
1465,1714.2017
1466,-146.65558
1468,-133.97804
1469,-188.65302
1471,58.89399
1472,55.907578
1473,-212.72589
1474,-137.18
1475,-122.7357
1476,1505.076
1477,-131.24765
1478,333.77707
1479,-121.540276
1484,-118.530014
1485,-127.29001
1486,270.33246
1487,-82.80937
1488,-135.19781
1489,-64.20605
1490,-136.3161
1491,-125.430016
1493,-135.57925
1494,-3.9591675
1495,-100.119995
1496,-139.6
1497,-42.319363
1498,-65.00357
1499,-111.75757
1500,-19.78331
1501,-43.07188
1502,-119.82257
1503,319.026
1504,-49.556606
1505,-116.32748
1506,-126.18001
1507,735.693
1510,-135.54872
1512,-157.2734
1513,-149.93996
1516,-153.67325
1517,203.78842
1518,-140.2203
1519,-135.83719
1520,-159.3547
1521,-152.70856
1522,-143.87257
1523,110.348755
1524,-148.77686
1525,-161.2829
1526,-152.55133
1527,-140.03609
1528,-158.62012
1529,-152.40356
1530,-148.22687
1531,1204.1085
1532,-135.2128
1533,-137.45317
1534,-160.45132
1535,-146.18965
1536,-150.2977
1537,-145.49384
1538,-141.56491
1539,-138.31207
1540,-162.05844
1541,-136.25342
1542,-158.64015
1543,-142.61308
1544,-65.179695
1545,-137.98495
1546,-138.76558
1547,-126.90065
1548,-154.2038
1549,30.2686
1550,58.936836
1551,-125.30274
1552,-128.68555
1553,-129.76416
1554,-131.36461
1555,-157.00423
1556,-124.318054
1557,-161.84863
1558,660.64795
1559,-129.58496
1560,129.61636
1561,85.65716
1562,-162.67198
1563,-2.657524
1564,6.154587
1565,-123.24874
1566,30.391289
1567,-135.73471
1568,-153.78264
1569,-149.72238
1570,-141.19823
1571,-139.3573
1572,-130.4902
1573,148.4149
1574,-127.0982
1575,-143.73448
1576,-129.9519
1577,180.65538
1578,-144.70988
1579,-146.29071
1580,-150.81993
1581,-135.88065
1582,227.6227
1583,-126.6899
1584,-147.38837
1585,97.948784
1586,-134.41537
1587,-140.4557
1588,-153.1732
1589,948.94617
1590,1085.3583
1591,-148.71101
1592,-149.88834
1593,-139.4482
1594,-161.78372
1595,-117.329605
1596,1349.6061
1597,-126.73215
1598,-178.82904
1599,-121.533714
1600,-135.49919
1601,-108.59766
1602,-100.02
1603,-116.11513
1604,-123.759995
1605,-132.91673
1606,-100.02
1607,-117.02942
1608,-129.12335
1609,-109.46906
1610,-122.534386
1611,-135.21397
1612,-132.26604
1613,-126.85217
1614,-122.46106
1615,-123.66287
1616,144.6948
1617,118.29208
1618,515.27856
1619,-158.85956
1620,404.5899
1621,14.487137
1622,-132.31302
1623,-129.7795
1624,80.53475
1625,56.197968
1626,720.2617
1627,-129.40646
1628,18.86464
1629,-134.02698
1630,-161.52997
1631,-100.02
1632,9.719368
1633,194.76569
1634,-160.58662
1635,-4.5972595
1636,-153.55981
1637,-158.65866
1638,-39.068867
1639,-156.44037
1640,-136.41623
1641,25.542198
1642,92.061295
1643,-119.05563
1644,-153.48267
1645,283.5379
1646,-139.89584
1647,-146.72052
1648,15.67057
1650,-120.998535
1651,2.5414124
1652,449.75513
1654,825.19226
1655,-175.0351
1656,-155.37997
1657,-157.20258
1658,-150.2105
1659,-136.05028
1660,-165.18188
1661,-142.3196
1662,-153.88007
1663,-135.01337
1664,-157.85176
1665,-153.84021
1666,-142.38998
1667,-150.92134
1668,-166.9011
1669,-161.47102
1670,-113.33251
1671,-144.93997
1672,-155.73022
1673,-121.28545
1674,-124.10452
1675,-124.26192
1676,-124.376755
1677,-109.059296
1678,-108.26044
1679,279.622
1680,-123.95451
1681,-131.12062
1682,-150.16284
1683,-134.2513
1684,-134.49847
1685,-120.154045
1686,-154.33057
1687,477.02612
1688,-155.73215
1689,-122.84
1690,-137.34198
1691,-132.75937
1692,790.788
1693,-140.60173
1694,-140.75998
1695,-152.58998
1696,-144.01096
1697,-154.64001
1698,-145.73035
1699,-153.17996
1700,-146.69998
1701,-158.32025
1702,-142.08197
1703,-185.06567
1704,-115.62
1705,-131.93834
1706,-188.95364
1707,-232.5302
1709,-133.43834
1710,-130.63849
1711,-131.93202
1712,-138.3255
1713,-78.87789
1714,-127.94119
1715,-140.05728
1716,-126.80769
1717,-141.37378
1718,-100.07782
1719,-12.033554
1720,-137.80693
1721,-105.65705
1722,-87.67749
1723,-12.537567
1724,-116.52827
1725,-137.19171
1726,397.78925
1727,-137.50185
1728,8.615929
1729,-135.46771
1730,-137.45244
1731,-138.29059
1732,-2.492653
1733,-126.75561
1734,13.830826
1735,-105.5342
1736,-118.500725
1737,-122.21748
1738,123.95845
1739,9.420158
1740,-104.60627
1741,-100.02
1742,-122.21881
1743,-122.08
1746,-162.34332
1747,457.94293
1748,-111.22
1749,-271.8691
1750,-151.69666
1751,-119.670006
1753,92.59546
1754,-122.618164
1755,-121.74924
1756,-100.01
1757,389.93976
1758,-148.20998
1759,538.50806
1760,7.401985
1761,-134.73837
1762,-141.66232
1763,504.84354
1764,-133.48997
1765,-129.77977
1766,-26.513191
1767,-134.83998
1768,-124.6316
1769,25.967293
1770,-116.439545
1771,224.60274
1772,-59.398468
1773,-77.40187
1774,-124.02513
1775,-21.422592
1776,-122.972984
1777,-117.468216
1778,-128.81952
1779,-132.90767
1780,-136.81992
1781,-153.85287
1782,-140.81001
1784,-158.19997
1786,-18.675629
1788,-109.48
1789,-162.29997
1790,140.07614
1791,-145.87051
1792,-165.57997
1793,-124.8313
1796,-155.48038
1797,-125.62002
1799,-139.01175
1800,148.72427
1801,-100.02
1802,-116.10795
1803,-112.7196
1804,-110.56
1805,-118.06001
1806,-138.56331
1808,-43.285225
1809,-128.99701
1810,-116.82455
1811,17.723671
1812,9.478073
1813,-100.01
1814,-115.600006
1815,-30.310974
1816,-122.58761
1817,-63.617905
1818,-129.57727
1819,-56.529957
1820,2.3702927
1821,59.435722
1822,-29.582314
1823,-129.13138
1824,234.12912
1825,125.26205
1826,-124.629944
1827,-151.11998
1828,-121.53526
1829,81.6537
1830,-107.36458
1831,-121.86637
1832,-108.56984
1833,175.58545
1834,-111.75654
1835,-99.316795
1836,-122.151054
1837,-131.20998
1838,-126.38817
1839,-121.32999
1840,-127.639984
1841,-102.788
1842,-134.45355
1843,-110.67429
1844,-136.14998
1845,-100.01
1846,-132.60999
1847,285.29898
1848,-135.4
1849,-120.30631
1850,-143.98137
1851,-142.35999
1852,-123.0632
1853,-136.71005
1854,-142.9
1855,-154.01999
1856,-124.347046
1857,-100.02
1860,-141.45998
1861,-161.61998
1862,-208.33597
1863,-137.69211
1864,-139.68468
1865,-136.41222
1866,-136.9652
1867,-147.02032
1868,-149.72238
1869,-100.01
1870,-131.58897
1871,-159.89738
1872,-131.88919
1873,-144.52713
1874,-149.78448
1875,-150.0936
1876,-147.47754
1877,-149.29764
1878,-134.92906
1879,-158.6992
1880,-147.85446
1881,-151.8309
1882,736.421
1883,-133.85376
1884,-129.87502
1885,-130.65141
1886,-160.44685
1887,56.75698
1888,-134.50177
1889,-153.89758
1890,-160.77634
1891,-156.95561
1892,-140.75052
1893,-107.81156
1894,1416.7548
1895,-151.95752
1896,-117.484436
1897,-6.578621
1898,-123.59001
1899,-105.36548
1900,-137.99652
1901,-136.01764
1902,-103.70621
1903,-132.14275
1904,-146.8855
1905,-135.92555
1906,126.41902
1907,-94.50957
1908,171.71834
1909,-108.063156
1910,-148.98737
1911,-145.25577
1912,84.17711
1913,196.98994
1914,96.67481
1915,-141.97266
1916,-132.24713
1917,-100.02
1918,-134.00026
1919,-188.64117
1920,-121.406166
1921,-143.25148
1922,-139.8034
1923,-142.72453
1924,-152.92256
1925,-156.87527
1926,-159.24774
1927,-136.82915
1928,136.57675
1929,112.20406
1930,-143.34268
1931,-164.17824
1932,-141.13112
1933,1096.0205
1934,-148.63438
1935,864.31744
1936,-147.84515
1938,-149.0452
1939,162.02026
1940,-136.431
1941,-146.3586
1942,-153.30399
1943,-130.80951
1944,-137.20166
1945,-147.89426
1946,810.8984
1947,-105.86333
1948,-137.27068
1949,-153.58011
1950,-132.0312
1951,-143.82304
1952,-143.78864
1953,-131.88249
1954,595.6118
1955,-136.64655
1956,-144.66026
1957,-175.27559
1958,-135.63422
1959,-141.46246
1960,-154.41595
1961,-137.95087
1962,-136.20335
1963,-133.17245
1964,-142.81487
1965,7.500824
1966,-131.60675
1967,-154.15123
1968,-135.65312
1969,-150.18625
1970,62.263954
1971,-150.22893
1972,-128.47673
1973,-126.33179
1974,-129.54907
1975,-189.06342
1976,-137.05327
1977,-100.01
1978,-147.4549
1979,-126.99462
1980,-136.37
1981,-143.16158
1982,-132.1262
1983,-141.94106
1984,-149.92194
1985,-125.24501
1986,-139.09055
1987,642.5166
1988,-123.05279
1989,862.43774
1990,-140.07574
1991,-129.9273
1992,-127.67089
1993,-124.7511
1994,-138.31845
1995,-124.84436
1996,-132.64848
1997,-125.8929
1998,805.0295
1999,-133.25223
2000,-131.60999
2001,-117.96192
2002,-133.05486
2003,-132.63405
2004,-120.28225
2005,119.648994
2006,-140.23787
2007,-135.21457
2008,-136.3013
2009,-137.28442
2010,-135.25719
2011,-139.98997
2012,-230.12088
2013,-132.47243
2014,-127.21924
2015,-116.70189
2016,-122.51884
2017,-133.09933
2018,-131.01625
2019,-126.05449
2020,-118.7164
2021,-128.68405
2023,599.95966
2024,193.61603
2025,960.02563
2026,-114.63208
2027,-95.19517
2028,-124.885254
2029,142.04466
2030,45.413277
2031,-122.646126
2032,-122.94339
2033,428.09915
2034,713.25916
2035,207.44281
2036,548.1354
2037,-97.07334
2038,-124.51179
2039,-150.27281
2040,-119.99001
2041,-120.2841
2042,439.5812
2044,-124.62536
2045,-109.87671
2046,-128.38585
2047,39.886917
2048,-54.397865
2049,39.106667
2050,-130.70844
2051,148.74252
2052,-11.962242
2053,-119.3685
2054,-53.2034
2055,-105.23819
2056,-147.71465
2057,-122.87947
2058,-122.99999
2059,-109.66584
2060,-100.01
2061,-122.70383
2062,-112.87663
2063,-124.09277
2064,-129.61696
2065,-129.45561
2066,-134.76382
2067,-131.88608
2068,-126.849976
2069,499.226
2070,-100.01
2071,-124.01365
2072,-135.89539
2073,-123.33319
2074,-100.759315
2075,-45.23236
2076,-52.478443
2077,137.19615
2078,-100.01
2079,333.76242
2080,-108.45273
2081,-67.77312
2082,-13.573105
2083,-129.8804
2084,33.584084
2085,-26.06781
2086,-101.675354
2087,164.62636
2088,-29.68431
2089,-129.58002
2090,10.215118
2091,-135.1774
2092,-51.137127
2093,54.455536
2094,-97.34048
2095,-100.07328
2096,-117.20938
2097,-130.15541
2098,278.43744
2099,-131.71
2100,-22.13485
2101,34.48159
2102,-56.98078
2103,-43.20824
2104,-40.642242
2105,-132.33939
2106,-117.10687
2107,-111.518524
2108,20.408997
2109,-144.85255
2110,-149.31946
2111,-136.09999
2112,-147.60196
2113,-158.95158
2114,-121.78723
2115,-152.0026
2116,-132.50998
2117,-123.24382
2118,-127.198685
2119,-134.83559
2120,-120.592255
2121,-111.550224
2122,203.7991
2123,62.016747
2124,-122.17837
2125,-130.00351
2126,59.752068
2127,-14.033516
2128,-42.475037
2129,-129.54834
2130,-131.38002
2131,-65.77821
2132,-145.21524
2133,324.92807
2134,-137.99968
2135,-138.00323
2136,-128.53934
2137,-117.880005
2138,-81.374435
2139,72.727
2140,-117.15775
2141,-50.048702
2142,-134.74002
2143,-106.35911
2144,-62.870987
2145,568.38745
2146,77.112595
2147,-100.01
2148,-40.486603
2149,-123.57222
2150,-137.19907
2151,-133.93001
2152,-147.45871
2153,633.71265
2154,-136.49689
2155,-37.558556
2156,25.853409
2157,-125.835266
2158,-108.33996
2159,-136.3733
2160,-135.85992
2161,-51.91196
2162,-100.01
2163,234.63747
2164,-133.88634
2165,86.29413
2166,-137.76007
2167,-10.088226
2168,-134.5272
2169,-133.70834
2170,-137.48999
2171,-9.246437
2172,-129.06116
2173,-135.01057
2174,-129.37318
2176,-127.51517
2177,-139.18628
2178,-135.26192
2179,-100.01
2180,-129.41977
2181,22.271225
2182,-149.14641
2183,177.59033
2184,-156.28418
2186,-123.20999
2187,-132.76001
2188,-137.30545
2189,-134.91623
2190,-155.021
2191,-115.32951
2192,-174.41025
2193,-120.969986
2194,-133.53998
2195,-126.94969
2196,-141.17908
2197,-131.18451
2198,-105.19831
2199,-100.01
2200,90.8448
2201,-121.08367
2202,115.59985
2203,-103.31787
2204,-120.79999
2205,-115.66739
2206,-100.01
2207,155.56357
2208,-129.40184
2209,-123.17126
2210,-124.09404
2211,-123.36999
2212,-121.682556
2213,-139.56993
2214,157.52243
2215,-117.38979
2216,-132.19
2217,-132.10999
2218,-184.01208
2219,-132.01001
2221,-152.47388
2222,-142.22955
2223,571.75366
2224,-127.06001
2225,-45.95746
2226,-134.11331
2227,-122.14204
2228,-148.04233
2229,-135.39899
2230,-160.93513
2231,-164.45078
2232,-138.44528
2233,-144.83809
2234,-150.96843
2235,-155.0631
2236,-146.79248
2237,-141.92522
2238,-152.33148
2239,-147.42548
2240,-132.46338
2241,-126.248505
2242,-137.38179
2243,-112.98317
2244,-149.06223
2245,-142.7464
2246,-161.43901
2247,-135.28818
2248,-146.00851
2249,-122.00776
2250,-134.08743
2251,-142.93793
2252,-153.47513
2253,687.48785
2254,230.2038
2255,-144.50555
2256,-130.61884
2257,-123.479965
2258,77.238785
2259,-146.30234
2260,-136.39664
2261,-127.01558
2262,-100.02
2263,-145.56796
2264,-18.8208
2265,-129.42308
2266,268.70142
2267,-5.9357452
2268,-131.35739
2269,-133.01909
2270,-135.57079
2271,1005.1897
2272,-130.00719
2273,-143.77997
2274,-141.5311
2275,-115.8284
2276,-100.01
2277,-128.25104
2278,-135.02936
2279,-139.67265
2280,64.86871
2281,-162.69487
2282,-135.13525
2283,-143.79187
2284,-141.95573
2285,-151.6272
2286,-135.46323
2287,-144.7909
2288,-123.72355
2289,-162.53267
2290,-126.07359
2291,-136.53676
2292,-136.53893
2293,-138.25739
2294,-142.24399
2295,-140.78659
2296,-128.97108
2297,-148.83174
2298,-155.96402
2299,-186.91124
2300,-155.66429
2301,-145.24115
2302,-137.75201
2303,-100.01
2304,647.3572
2305,-61.893314
2306,-146.87521
2307,-132.06816
2308,-140.32968
2309,422.6814
2310,30.110497
2311,610.54395
2312,170.48901
2313,-130.80783
2314,-34.949806
2315,-118.17856
2316,-130.4148
2317,-112.512955
2318,-60.10974
2319,-107.20857
2320,-96.65006
2321,-99.27625
2322,-118.54223
2323,-116.59658
2326,-136.5618
2327,64.2548
2328,144.65277
2329,-155.16382
2330,-128.9721
2331,13.1856
2332,-120.44241
2333,-137.08398
2334,-122.793724
2335,-33.0313
2336,2.680008
2337,-52.550224
2338,-51.13733
2339,-131.27505
2340,-133.53786
2341,-119.02016
2342,-45.714653
2343,-116.76275
2344,-121.124626
2345,-123.6958
2346,-113.149445
2347,-118.87238
2348,-119.50307
2349,-135.8696
2350,1705.61
2351,206.24799
2352,-129.64166
2353,410.61682
2354,-19.690453
2355,-11.675491
2357,-100.021736
2358,-139.49571
2359,-148.58836
2360,-155.69852
2362,-136.73477
2363,-126.45694
2364,152.55353
2365,-154.40497
2366,1033.3934
2367,-156.2349
2368,-110.42996
2369,-100.02
2370,-78.56732
2371,-138.89702
2372,-136.83844
2373,-130.57362
2374,-133.9444
2375,-134.82765
2376,-115.52474
2377,-132.66968
2378,72.18907
2379,-129.57738
2380,-119.253235
2381,36.14776
2382,-114.16885
2383,-116.992386
2384,-119.76292
2385,826.3148
2386,-128.60359
2387,-128.11035
2388,-137.77
2389,-108.48456
2390,-138.45345
2391,-137.0191
2392,-113.54049
2393,-117.91655
2394,-11.773743
2395,632.28516
2396,-110.68999
2397,-126.776985
2398,-111.25059
2399,-127.31279
2400,-119.5686
2401,-108.590706
2402,-135.01598
2403,338.62134
2404,-130.34505
2405,-125.747765
2406,-81.92878
2407,512.56287
2408,2.0110245
2409,-127.101845
2410,-130.50319
2411,149.39113
2412,8.593254
2413,296.455
2414,-121.55896
2415,251.83359
2416,-126.6534
2417,95.6064
2418,-104.591576
2419,260.21204
2420,-128.74898
2421,-122.20634
2422,467.12103
2423,-128.91699
2424,-130.93448
2425,-127.98818
2426,-120.52814
2427,-122.059074
2428,110.93877
2429,-126.23847
2430,-117.21579
2431,-118.47001
2432,89.7949
2433,-138.28
2434,-120.40451
2435,-133.83781
2436,-118.520004
2437,-125.4161
2438,-109.544846
2439,-111.18
2440,-130.22212
2441,-122.606926
2442,-132.43008
2443,-112.862976
2444,-134.65088
2445,232.43494
2446,-131.11546
2447,-137.5453
2448,-122.840004
2449,-100.01
2450,-134.71484
2451,-142.56233
2452,-142.58842
2453,67.224625
2454,-154.51775
2455,-126.53752
2457,-140.63461
2458,563.9831
2461,-34.350037
2462,-142.324
2463,-159.71944
2464,871.3529
2466,-120.17509
2467,184.78137
2468,-50.192192
2469,-115.36644
2470,-96.91646
2471,-123.24128
2472,-35.567436
2473,-23.712204
2474,34.331604
2475,-133.57713
2476,-127.948845
2477,-113.66887
2478,-124.19861
2479,-134.17941
2480,-123.060005
2481,-150.85794
2482,-147.8556
2483,481.1754
2484,229.37506
2485,-126.95001
2486,-100.01
2487,-111.48993
2488,-3.2418442
2489,-130.86151
2490,-118.78462
2491,-128.19
2492,-122.25236
2493,-129.49326
2494,-74.58162
2495,-110.56633
2496,-130.2202
2497,-153.87352
2498,-119.11428
2499,-134.0535
2500,-133.16554
2501,51.3246
2502,286.36438
2503,-107.91178
2504,-132.00002
2505,-126.28525
2506,-137.9882
2507,-132.9411
2508,22.621971
2510,-134.62892
2511,-46.34239
2512,142.2643
2515,-121.709984
2516,-140.40549
2517,-149.95021
2518,-128.91179
2519,-147.45097
2520,-133.75116
2521,-141.03998
2522,-118.860214
2523,-155.73997
2524,-140.23184
2525,-149.50998
2526,-122.32593
2527,-134.2303
2528,-127.79013
2529,298.3883
2530,-156.47998
2531,935.04315
2532,-140.20618
2533,-178.37355
2534,154.89359
2535,-161.53308
2536,-137.57178
2537,-223.76018
2538,-149.8305
2539,456.50568
2540,231.32352
2541,179.35522
2542,-122.880005
2543,-134.1491
2544,-139.72992
2545,-131.16634
2546,-7.1441574
2547,-110.026215
2548,-110.89308
2549,-115.00816
2550,-115.526215
2551,-127.82387
2552,-113.42
2553,-158.90718
2554,-124.46501
2555,-134.41731
2556,-100.02
2557,-154.34805
2558,-120.70001
2559,-117.12
2560,-111.22
2561,-122.8604
2562,-130.81001
2563,-82.33092
2564,-130.14
2565,-124.89999
2566,-99.66144
2567,-114.72
2568,-110.83879
2569,-91.69655
2570,-7.52594
2571,-3.7079163
2572,-136.44002
2573,-129.26678
2574,32.36035
2575,-134.69904
2576,-140.02002
2577,-48.991383
2578,23.968414
2579,-16.679512
2580,213.04099
2581,-116.25
2582,-51.272835
2583,-25.219246
2584,-9.706261
2585,-128.95001
2586,-121.659645
2587,-130.66072
2588,-119.52001
2589,-130.8
2590,-124.500015
2591,-131.61194
2592,-137.20596
2593,-131.92001
2594,-117.22
2595,-117.01617
2596,-131.65771
2597,-121.62
2598,-122.33503
2599,-132.76001
2600,-136.151
2601,-134.07
2602,-134.40343
2603,-120.37001
2604,-119.50001
2605,428.78357
2606,-137.91002
2607,-8.576462
2608,-116.21002
2609,-129.10002
2610,-94.84174
2611,-138.95001
2612,-125.46599
2613,-133.40984
2614,-99.87859
2615,-144.82036
2616,-177.92519
2617,-137.34001
2618,2.4930649
2619,-143.04048
2620,554.7553
2621,-149.98941
2622,-136.68887
2623,-142.9238
2624,-153.37762
2625,-137.21565
2626,-130.2099
2627,-158.97975
2628,-136.437
2629,-158.17963
2630,-155.23347
2631,-148.49911
2632,-149.83754
2633,872.4417
2634,676.7406
2635,-156.29715
2636,-145.11087
2637,-146.80899
2638,-159.99458
2639,-150.50192
2640,-137.20268
2641,-157.31787
2642,-154.07611
2643,-148.43051
2644,-135.38583
2645,-142.03824
2646,-147.39957
2647,-156.8983
2648,-152.38683
2649,-159.4196
2650,-130.55417
2651,-136.94391
2652,-124.021385
2653,-130.77174
2654,-142.42505
2655,1281.5704
2656,760.9929
2657,-151.65381
2658,-122.17288
2659,-133.22067
2660,-154.94008
2661,928.3636
2662,-120.97232
2663,202.62164
2664,197.21481
2665,31.45179
2666,284.30322
2667,-139.8404
2668,-119.041916
2669,-132.69698
2670,-140.53296
2671,-137.56226
2672,-134.35706
2673,921.2733
2674,-147.96533
2675,-145.74728
2676,-152.1879
2677,-122.040436
2678,-133.41301
2679,-133.5911
2680,-114.52924
2681,-134.71765
2682,-159.20328
2683,-135.7506
2684,-133.46207
2685,151.14085
2686,-163.10588
2687,743.3245
2688,-162.49472
2689,-163.58038
2690,-146.58263
2691,-161.40038
2692,242.28038
2693,-109.303185
2694,-118.773285
2695,-18.562775
2696,29.16153
2697,-141.80992
2698,10.455696
2699,42.842667
2700,-139.80054
2701,-139.04031
2702,-143.85245
2703,124.69455
2704,-151.43979
2706,492.5642
2707,-133.81833
2708,-161.54753
2709,15.136627
2711,-141.9508
2712,58.638466
2713,-145.86995
2714,-138.36006
2715,-133.7911
2716,640.30774
2717,-132.78181
2718,-152.61288
2719,657.15533
2720,-157.70201
2721,-131.2759
2722,-126.30719
2723,-158.15042
2724,-136.46149
2725,-154.41792
2726,-132.66934
2727,150.71683
2728,-129.02452
2729,-136.67592
2730,-131.01602
2731,-138.85347
2732,-216.46722
2733,-148.83392
2734,-157.82448
2735,589.4381
2736,-149.03658
2737,46.301094
2738,-133.8986
2739,39.17428
2740,-127.65939
2741,308.37347
2742,-127.01703
2743,-5.892288
2744,-23.524055
2745,-123.30058
2746,7.793701
2747,-120.92519
2748,1.3233948
2749,-123.238815
2750,-34.97783
2751,-120.039795
2752,-125.65184
2753,-128.37648
2754,-27.497322
2755,-126.56111
2756,-109.158615
2757,-118.82146
2758,-127.447
2759,-115.63598
2760,-102.47738
2761,657.77094
2762,-133.40547
2763,-118.81392
2764,-147.12564
2765,-132.79254
2766,-134.95305
2767,-136.85905
2768,469.4229
2769,-106.12787
2770,145.24678
2771,-113.19727
2772,662.1252
2773,-116.958984
2774,511.9942
2775,-138.77081
2776,-45.516205
2777,34.537506
2778,-131.193
2779,-127.926674
2780,-111.609276
2781,-22.355652
2782,-100.02
2783,-131.75764
2784,27.80323
2785,-100.01
2786,-127.682144
2787,7.6770554
2788,-135.58754
2789,-45.723217
2790,9.572952
2791,-100.946724
2792,-119.29634
2793,178.90587
2794,-100.01
2795,-136.21877
2796,92.50897
2797,-146.13614
2798,-119.57475
2799,-128.47691
2800,-129.69849
2801,-130.16814
2802,-116.1892
2803,-121.0177
2804,-27.669868
2805,-131.7069
2806,-46.107765
2807,-139.87817
2808,-117.22911
2809,-34.416885
2810,-13.045074
2811,-127.015045
2812,-47.908104
2813,-129.58714
2814,-63.80472
2815,-107.66952
2816,-100.01
2817,-37.903923
2818,-38.316357
2819,106.4959
2820,-58.356503
2821,-107.61143
2822,-42.822445
2823,-133.45625
2824,-100.02
2825,-51.35375
2826,3.3847656
2827,-130.92545
2828,-60.606174
2829,-119.64825
2830,17.18042
2831,68.48281
2832,231.44759
2833,-128.31851
2834,-110.20484
2835,-124.42479
2836,-11.767418
2837,-135.47159
2838,-125.6755
2839,-122.34683
2840,-122.63266
2841,-125.56025
2842,-118.61409
2843,-120.51777
2844,-121.798904
2845,-157.62152
2846,-59.610996
2847,-155.6255
2848,147.27457
2849,-123.25516
2850,-120.108795
2851,-122.469025
2852,29.684303
2853,238.37186
2854,-127.42149
2855,-126.18378
2856,54.405983
2857,-140.91638
2858,-183.21317
2859,-166.39125
2860,-152.64453
2861,-115.970024
2862,-138.41339
2863,-128.06136
2864,241.31628
2865,-127.123
2866,-138.9219
2867,-138.45709
2868,-134.5458
2869,-177.70636
2870,-131.49463
2871,43.61194
2872,-130.12332
2873,-135.83536
2874,-154.20712
2875,-134.04465
2876,-218.02396
2877,-122.0564
2878,-148.58563
2879,217.06975
2880,-119.03845
2881,705.92163
2882,172.8493
2883,50.75263
2884,-146.97998
2885,-117.69998
2886,-123.59998
2887,-145.37997
2888,-135.88365
2889,-143.39996
2890,-151.79321
2891,-120.751045
2892,200.9093
2893,-153.21432
2894,-124.64998
2895,-117.69998
2896,-128.80252
2897,-122.40873
2898,-146.64998
2899,-145.7166
2900,-152.32863
2901,-142.74321
2902,-142.80576
2903,-134.78998
2904,-120.680695
2905,8.950478
2906,-129.96439
2907,-141.06544
2908,-132.24463
2909,535.15393
2910,-130.27167
2911,-128.21515
2912,-127.69433
2913,-121.16707
2914,-133.64462
2915,-133.67091
2916,-100.01
2917,-121.38248
2918,-137.11737
2919,-133.47998
2920,-141.11713
2921,-114.60142
2922,-148.88174
2923,-144.32138
2924,-114.50939
2925,-30.712196
2926,-124.8498
2927,-131.59998
2928,-119.54999
2929,-130.81998
2930,-118.31999
2931,-126.27998
2932,-135.61996
2933,-128.19998
2934,-130.3945
2935,-100.01
2936,704.79297
2937,-121.03566
2938,-134.38583
2939,-123.14613
2940,-5.9243927
2941,33.670074
2942,-113.458435
2943,-127.91998
2944,-118.66001
2945,-198.2457
2946,-169.70529
2947,-140.6441
2948,-137.87816
2949,-118.56998
2950,-150.90997
2951,-126.39566
2952,893.67395
2953,-153.90997
2954,-239.34383
2955,-134.90997
2956,-149.88055
2957,-134.09001
2958,-144.80997
2959,-158.91216
2960,-155.47998
2961,-157.00461
2962,-111.00796
2963,-151.66875
2964,-141.1524
2965,-139.65967
2966,340.7228
2967,-122.75191
2968,-116.07584
2969,-131.75998
2970,-128.66998
2971,-132.91998
2972,-103.78
2973,-132.06998
2974,-139.66998
2975,-147.42996
2976,-135.81998
2977,727.1827
2978,-143.49998
2979,-150.06998
2980,-136.69998
2981,-136.26999
2982,-141.77998
2983,-138.72998
2984,902.82825
2985,-138.75998
2986,-102.98
2987,-123.95999
2988,-147.23775
2989,-140.97998
2990,-154.96762
2991,-111.42261
2992,-149.53998
2993,-154.54997
2994,-137.81999
2995,-154.93997
2996,-163.21396
2997,-137.67152
2998,298.03238
2999,-137.44998
3000,-158.13997
3001,-141.29997
3002,-133.95998
3003,-141.19998
3004,-130.66998
3005,-143.23834
3006,-125.658104
3007,-145.62
3008,-135.16998
3009,-100.01
3010,-123.59632
3011,-130.30998
3012,-142.43143
3013,-142.25998
3014,-141.16998
3015,-136.56532
3016,-140.51543
3019,-163.61224
3020,451.43915
3021,-147.09998
3022,-167.94006
3023,-154.79897
3025,-130.75371
3026,-141.22754
3027,577.0569
3028,-109.107925
3029,-126.0016
3031,-120.70001
3033,-125.640015
3034,449.79767
3035,-100.02
3036,-111.22
3037,-124.500015
3038,-197.3163
3039,-159.78888
3040,1009.3972
3041,-131.505
3042,220.87323
3043,560.1969
3044,-100.02
3045,-153.90262
3046,-154.40121
3047,-165.13104
3048,-143.4386
3049,-159.26826
3050,-157.22278
3051,-135.35048
3052,-146.61041
3053,-155.0307
3054,-139.52933
3055,957.0122
3056,-158.68887
3057,-139.0357
3058,897.9757
3059,-152.83168
3060,-155.51959
3061,-135.89697
3062,-150.86081
3063,-154.08624
3064,-146.7376
3065,-132.7225
3066,-135.23636
3067,-100.02
3068,-142.2475
3069,-100.01
3070,-153.44218
3071,-140.71558
3072,-140.8068
3073,-60.996975
3074,-156.22482
3075,-144.71289
3076,-143.54921
3077,-99.51441
3078,-98.68844
3079,-144.5797
3080,-149.74098
3081,-165.87918
3082,-133.11053
3083,248.25449
3084,-128.32367
3085,-137.0346
3086,-114.22801
3087,-100.01
3088,742.65063
3089,-151.30957
3090,-156.74603
3091,-158.83765
3092,-128.18054
3093,-134.51276
3094,-233.05908
3095,776.8684
3096,-107.76633
3097,-136.07092
3098,-140.41765
3099,-133.98404
3100,-144.23663
3101,166.1184
3102,-134.66785
3103,4.2706833
3104,-123.00964
3105,-8.422455
3106,15.937866
3107,-100.02
3108,-137.372
3109,-250.06505
3110,-29.88057
3111,-132.92172
3112,-129.35657
3113,-130.05247
3114,-124.120964
3115,-138.28053
3116,-122.228966
3118,588.45
3119,-99.500946
3120,47.992294
3121,-122.81031
3122,18.751427
3123,182.02753
3124,-142.70247
3125,-100.02
3126,118.19884
3127,-122.103165
3128,-136.20244
3129,-116.38502
3130,-218.67542
3131,-130.13072
3132,433.50235
3133,-106.87898
3134,76.43223
3135,-109.98354
3136,-142.27069
3137,-33.91719
3138,-131.95493
3139,-126.341896
3140,-117.30331
3141,-116.660866
3142,-125.74578
3143,-101.23768
3144,-120.26032
3145,-116.176765
3146,-109.54381
3147,-124.26129
3148,-26.956749
3149,-107.676834
3150,-107.725
3151,-119.63646
3152,-16.36383
3153,11.169464
3154,-120.86529
3155,-13.740181
3156,-136.9019
3157,-130.4332
3158,-133.76758
3159,-121.04794
3160,-14.153267
3161,-43.24846
3162,-6.6839523
3163,-48.102936
3164,-197.97263
3165,-60.242847
3166,71.23723
3167,319.4568
3168,35.01097
3169,-126.14992
3170,-148.87268
3171,-150.6829
3172,329.69537
3173,-112.78922
3174,-145.55228
3175,-146.58598
3176,-128.41273
3177,56.809814
3178,-129.72122
3179,-134.13156
3180,-145.41472
3181,-120.08724
3183,-108.5352
3184,-138.64745
3185,-111.9103
3186,-122.49098
3187,-110.94808
3188,-154.09718
3189,-190.9143
3191,101.91628
3192,-115.67
3193,-155.28847
3194,-139.66544
3195,130.62425
3196,-135.52954
3197,-25.128868
3198,-125.39481
3199,-139.54456
3200,-129.40407
3201,-145.61044
3202,825.3476
3203,-129.40872
3204,-137.31564
3205,-134.48517
3206,740.4447
3207,-102.3
3208,-157.01309
3209,-146.36263
3210,-132.64813
3211,-152.03165
3212,94.07642
3213,77.65186
3214,-151.48859
3215,-154.87064
3216,-157.30997
3217,-130.06384
3218,-131.98459
3219,-131.94815
3220,-154.84845
3221,-137.88481
3222,-153.56673
3223,-140.01315
3224,-100.01
3225,-184.14053
3226,-160.3724
3227,-133.64456
3228,-132.36232
3229,-144.18729
3230,-154.05997
3231,407.2983
3232,-157.9775
3233,645.7305
3234,-181.83917
3235,-137.66716
3236,-155.27464
3237,-141.77133
3238,-159.07907
3239,-127.48648
3240,-148.26997
3241,405.86414
3242,37.482826
3243,-146.41681
3246,-156.6178
3247,-182.45255
3248,-205.82193
3249,-149.70273
3250,-131.49023
3251,-142.29681
3252,-122.43925
3253,349.4944
3254,-159.11148
3255,-150.16547
3256,1031.177
3257,-136.63991
3258,-141.00116
3259,-192.77701
3260,-163.96179
3261,-136.93504
3263,-134.24002
3264,-144.82878
3265,-160.9019
3266,51.02659
3267,6.451706
3268,383.6022
3269,-132.14218
3270,280.8819
3272,-131.75687
3273,-128.54407
3274,-144.71185
3275,-129.31636
3276,656.97473
3277,-138.28873
3278,-54.021103
3279,-40.32165
3280,-98.811386
3281,32.902084
3282,98.24641
3283,7.0048065
3284,-130.6794
3285,-100.01
3286,-126.25758
3287,-127.22683
3288,-17.995613
3289,-123.42032
3290,62.348633
3291,22.937492
3292,-222.0859
3293,438.42975
3294,-86.39144
3295,-76.02263
3296,-112.677734
3297,-39.211662
3298,-100.2269
3299,-132.56615
3300,-130.15564
3301,70.941055
3302,187.29745
3303,39.11711
3304,32.564125
3305,-125.26496
3306,111.41437
3307,185.70506
3308,-100.01
3309,-130.30177
3310,-147.26042
3311,-136.92398
3312,11.486458
3315,-138.75998
3316,-138.62001
3317,-146.09996
3321,-135.43997
3322,-134.46002
3324,-145.0138
3326,-141.17299
3328,-139.8
3329,-156.63023
3330,859.2668
3331,-139.78998
3332,-145.37997
3333,-148.19566
3334,119.92082
3335,-150.22781
3336,672.839
3337,87.82413
3338,-145.17023
3339,-145.71999
3340,-156.88164
3341,-25.55719
3342,-131.48
3343,-140.63998
3344,134.74637
3345,-135.87
3346,-148.63002
3347,-135.93
3348,-100.01
3350,334.74945
3351,-142.12889
3352,-100.01
3353,-148.96997
3354,-137.7244
3355,-150.81998
3356,-140.65512
3357,-135.97998
3358,-130.69998
3359,-132.59184
3360,-105.706894
3361,70.22317
3362,-145.1066
3363,-100.01
3364,-136.07997
3365,-138.15999
3366,386.4137
3367,-149.22998
3368,-151.75607
3369,-134.82999
3370,-230.73514
3371,-146.76234
3372,-157.98293
3373,-180.59827
3374,-183.88205
3375,-160.14996
3376,-160.97264
3377,-140.05035
3378,-135.88312
3379,-156.39334
3380,108.98825
3381,-151.13159
3382,-157.28767
3383,-147.63477
3384,-161.29834
3385,-143.95921
3386,-161.71417
3387,-144.98547
3388,-144.64572
3389,-100.3922
3390,-145.40181
3391,-141.00458
3392,-147.22897
3393,-157.87775
3394,-151.60873
3395,698.13916
3396,-141.25552
3397,-138.71213
3398,-135.50656
3399,-157.86888
3400,-156.72647
3401,-133.15497
3402,-162.79605
3403,-148.68628
3404,-139.91689
3405,-135.36676
3406,-139.10287
3407,-136.45793
3408,-128.69667
3409,-157.15564
3410,-103.37218
3411,-121.55312
3412,-137.44365
3413,-112.07882
3414,20.829414
3415,829.9124
3416,-108.864655
3417,-130.97102
3418,435.05655
3419,57.65983
3420,170.28766
3421,-141.92262
3422,95.62204
3423,-129.85614
3424,392.17136
3425,-150.3878
3426,-133.99849
3427,-114.87562
3428,-140.55342
3429,82.14606
3430,-122.11774
3431,5.0030136
3432,8.983055
3433,-139.2193
3434,-140.465
3436,-146.17465
3437,-155.48273
3438,-150.08034
3439,-137.26855
3441,-148.91821
3442,622.81604
3443,-156.7618
3444,-169.6301
3445,-134.22522
3446,-145.7796
3447,-140.8631
3448,-146.54874
3449,-160.39227
3450,-154.21721
3451,744.0515
3452,-151.58206
3453,-136.47481
3454,-186.41418
3455,-162.41699
3456,-147.54932
3457,-146.25366
3458,-146.17107
3459,-148.79948
3460,-193.67978
3461,-149.50786
3462,-161.51512
3463,-178.48999
3464,-155.86966
3465,-192.92783
3466,-135.30267
3467,-154.98169
3468,-152.86334
3469,-158.97371
3470,-159.7644
3471,-134.39435
3472,-136.43057
3473,-145.14012
3474,395.2043
3475,-141.22876
3476,-138.46268
3477,562.60254
3478,-149.72452
3479,461.0802
3480,74.76144
3481,-29.664627
3482,686.17847
3483,26.662582
3484,-100.01
3485,-138.11606
3486,-41.207447
3487,18.816986
3488,-6.468216
3489,341.653
3490,-141.84549
3491,-131.68677
3492,-126.98812
3493,281.10092
3494,-135.46997
3495,-28.486572
3496,51.784866
3497,12.382942
3498,-135.82687
3499,-139.55927
3500,-137.75533
3501,-125.68428
3502,-127.05603
3503,-133.39734
3504,-131.0269
3505,-134.70605
3506,27.395576
3507,161.71506
3508,5.8754654
3509,-132.5308
3510,-137.61089
3511,-100.01
3512,-136.68845
3513,188.5793
3514,20.737373
3515,-134.25641
3516,-106.53452
3517,9.355362
3518,21.608925
3519,-42.048855
3520,123.925644
3521,-132.62816
3522,-139.49054
3523,-131.60071
3524,-135.97849
3525,-131.04364
3526,-145.37582
3527,-108.270004
3528,-129.76445
3529,6.7182617
3530,301.8844
3531,-127.19784
3532,8.892677
3533,-133.34555
3534,-100.01
3535,-135.43001
3536,13.3305435
3537,-134.74037
3538,-146.78058
3539,-183.47275
3540,-134.69057
3541,75.287346
3542,82.36691
3543,67.84363
3544,-103.34085
3545,592.34216
3546,-133.6069
3547,-124.23073
3548,-120.19999
3549,-127.99208
3550,-100.01
3551,-117.2058
3552,-120.029205
3553,-123.53038
3554,-139.83463
3555,-98.65515
3556,-105.77383
3557,734.51794
3558,-125.32366
3559,-118.47662
3560,-123.03882
3561,-126.076614
3562,-109.385544
3563,-133.43622
3564,-171.75127
3565,-142.53415
3566,-151.10289
3567,-139.43668
3568,-137.52771
3569,-142.09564
3570,16.96128
3571,-109.65001
3572,-121.44968
3573,55.481575
3574,12.547806
3575,-140.6594
3576,-131.36966
3577,-27.564262
3578,-31.879723
3579,-134.75461
3580,-112.85816
3581,-134.35367
3582,-137.7549
3583,-147.01672
3584,-154.34528
3585,-158.4318
3586,-16.253395
3587,-152.1884
3588,-119.562195
3589,-301.54803
3590,-139.56755
3591,233.92451
3592,42.616234
3593,-136.15816
3594,-47.955936
3595,17.116936
3596,-13.812256
3597,-78.76526
3598,-136.98518
3599,-131.9603
3600,-140.12166
3601,-127.544655
3602,-125.770905
3605,-153.6939
3606,-142.53072
3607,-139.8191
3608,-148.97363
3609,226.17204
3610,-147.78073
3611,-154.12175
3612,516.40735
3613,-148.3356
3614,-158.06047
3615,-148.7856
3616,-140.74088
3617,-50.646706
3618,-135.77998
3619,-128.12572
3620,-172.91495
3621,548.97034
3622,-212.29019
3623,-196.47888
3625,865.83484
3626,-266.92957
3627,-162.43567
3628,-137.92392
3629,-153.97308
3630,660.1201
3631,-133.92989
3632,-144.65813
3633,-132.26776
3634,-125.718544
3635,-135.50394
3636,272.84253
3637,-231.93999
3638,-111.52525
3639,-134.21362
3640,-134.01997
3641,-130.69641
3642,-112.31915
3643,-133.93938
3644,318.41052
3645,-116.51994
3646,-124.609085
3647,-133.85913
3648,-36.80024
3649,-126.98543
3650,-132.12279
3651,68.698975
3652,69.66425
3653,-120.79529
3654,-117.73215
3655,504.57556
3656,-119.78052
3657,-101.28554
3658,-116.45147
3659,-128.80096
3660,-110.64627
3661,-107.441956
3662,-116.98416
3663,-125.63498
3664,-125.37999
3665,-134.83998
3666,-126.17998
3667,-151.6542
3668,-124.65998
3669,-133.68999
3670,-117.10999
3671,-133.08998
3672,-135.46999
3673,734.074
3674,-120.85999
3675,124.183105
3676,-136.32997
3677,-124.59999
3678,-144.73996
3679,84.14835
3680,-118.87999
3681,-131.11998
3682,-133.35999
3683,572.9457
3684,-125.331276
3685,-144.33997
3686,-133.87997
3687,-141.97968
3688,-150.89998
3689,-155.14996
3690,-148.39996
3691,-123.247185
3692,-125.17438
3693,861.69116
3694,-64.79826
3695,-121.36999
3696,1.1091461
3697,-9.023689
3698,-24.676537
3699,-46.535294
3700,-120.15998
3701,-132.68997
3702,-131.46837
3703,-6.8693237
3704,81.03154
3705,-127.19998
3706,146.67487
3707,78.18576
3708,-121.05574
3709,130.2363
3710,-120.79999
3711,97.35762
3712,-150.24997
3713,433.57257
3714,95.15909
3715,563.4967
3716,-125.12598
3717,-123.109985
3718,-131.2173
3719,-138.30998
3720,-149.95998
3721,-129.82999
3722,-146.10997
3723,-141.23997
3724,-129.57999
3725,-142.94888
3726,-136.74998
3727,-132.40997
3728,810.9969
3729,-100.01
3730,768.56866
3731,-140.94998
3732,-132.99713
3733,812.05994
3734,-131.10997
3735,-126.47997
3736,-133.11996
3737,-144.0876
3738,-128.88766
3739,-130.57997
3740,-137.28998
3741,-129.69998
3742,-108.612305
3743,-148.66791
3744,496.37
3745,-136.37997
3746,458.47595
3747,-140.84998
3748,-128.97998
3749,-131.45
3750,-156.09998
3751,-127.16028
3752,-144.87999
3753,-124.57999
3754,-125.18001
3755,-140.06293
3756,-183.73138
3757,-154.23297
3758,-126.65998
3759,-157.60883
3760,-130.20001
3761,-168.25986
3762,-137.77997
3763,-147.37671
3764,-122.39999
3765,-134.76997
3766,-133.20775
3767,-137.29248
3768,-150.75932
3769,-138.53836
3770,-159.48477
3771,109.0249
3772,-100.01
3773,-142.24693
3774,-159.65451
3775,-141.73993
3776,-107.100006
3777,-131.96875
3778,-154.23224
3779,-149.08763
3780,-135.1378
3781,-147.04385
3782,-149.51611
3783,-142.02118
3784,-143.57278
3785,-100.01
3786,-135.2996
3787,-146.22635
3788,-152.73627
3789,-136.26318
3790,-152.912
3791,-145.97293
3792,-139.62712
3793,-140.26639
3794,-133.6431
3795,-145.94438
3796,-155.88991
3797,-129.82095
3798,-158.31458
3799,-127.85458
3800,-100.01
3801,-143.38155
3802,-122.4971
3803,-134.01463
3804,-129.4071
3805,-139.61243
3806,-100.02
3807,-127.14502
3808,-141.21483
3809,-135.30368
3810,-135.79356
3811,864.25525
3812,-123.76298
3813,413.99188
3814,-15.874207
3815,-132.91498
3816,108.13364
3817,-134.84212
3818,-137.61172
3819,-205.26288
3820,54.767826
3821,1140.1799
3822,-135.03781
3823,-133.18889
3824,-100.02
3825,112.99138
3826,112.80614
3827,-145.98071
3828,-132.73682
3829,-102.08949
3830,-153.63234
3831,-136.76721
3832,-128.80745
3833,-142.13528
3834,-142.21999
3835,60.30596
3836,-147.58246
3837,-141.00586
3838,-137.68513
3839,1010.8209
3840,392.39722
3841,-122.33419
3842,-137.03702
3843,-132.6163
3844,-120.36659
3845,-118.46797
3846,-138.43326
3847,-128.97293
3848,-125.98564
3849,-129.34715
3850,-137.72043
3851,-130.55276
3852,455.5065
3853,-135.0958
3854,-146.06883
3855,-130.78596
3856,-130.98067
3857,-152.0871
3858,-141.84311
3859,-155.42972
3860,-100.01
3861,-112.3426
3862,679.8798
3863,-147.5453
3864,-142.25009
3865,-112.08509
3866,-115.1826
3867,-158.50438
3868,-153.68146
3869,-162.26422
3870,168.12988
3871,-120.39246
3872,-192.30908
3873,-131.07626
3874,-122.44371
3875,-132.12048
3876,236.6232
3877,600.5307
3879,-125.14627
3882,718.269
3883,-111.87954
3884,-142.62164
3885,-137.72357
3887,-115.38954
3888,72.95139
3889,-177.68527
3890,-131.76112
3891,656.7285
3892,-139.73935
3893,38.555367
3894,-10.493332
3895,147.34636
3896,-41.477795
3897,-4.5405197
3898,-133.14084
3899,-120.697685
3900,-130.87758
3901,-9.839058
3902,-122.75608
3903,-137.86998
3904,-131.12502
3905,-31.205399
3906,-135.19073
3907,-122.4835
3908,-133.87442
3909,-132.67012
3910,-129.96887
3911,-145.35999
3912,-121.8771
3913,-119.79675
3914,-3.799347
3915,-133.88281
3916,-126.181366
3917,-17.512115
3918,-122.33623
3919,-138.96103
3920,-42.75895
3921,-134.8255
3922,-136.15562
3923,585.3633
3924,-137.70052
3925,91.083694
3926,39.44169
3927,-123.05585
3928,-144.47998
3929,49.040504
3930,-34.719566
3931,-136.95383
3932,-136.66101
3933,-135.58998
3934,-146.32004
3935,-118.74623
3936,-33.712967
3937,-111.15875
3938,426.72165
3939,-123.04429
3940,-138.38065
3941,-110.59521
3942,0.44766235
3943,55.74391
3944,-105.4282
3945,1.7559128
3946,-137.78824
3947,1001.81714
3948,-101.579094
3949,-17.424263
3950,-108.979004
3951,-15.778175
3952,-134.32825
3953,-108.428055
3954,-98.4597
3955,-141.99998
3956,-28.771042
3957,526.5043
3958,-9.094749
3959,-28.157608
3960,-137.346
3961,-95.52212
3962,-116.62892
3963,-107.28166
3964,31.659407
3965,-127.77064
3966,141.5896
3968,-119.21698
3969,-131.27144
3970,-118.64068
3971,172.6177
3972,-127.32999
3973,-141.5171
3974,-135.24127
3975,-138.24081
3976,-131.93
3977,-112.387405
3978,-118.65694
3979,-131.84659
3980,-117.87929
3981,-112.1201
3982,-146.9456
3983,-135.05997
3984,-124.81138
3985,-135.85793
3986,-120.713326
3987,86.52121
3988,-119.399994
3989,-119.33622
3990,-138.91539
3991,-122.399216
3992,-114.060165
3993,-109.01343
3994,-128.58473
3995,361.85208
3996,-141.8105
3997,-134.90321
3998,-136.10622
3999,-140.51915
4000,-127.83891
4001,-123.08276
4002,-127.695724
4003,-121.0421
4004,-120.59585
4005,-130.71753
4006,-147.33998
4007,-140.18146
4008,-135.18382
4009,-133.69635
4010,-150.68997
4011,-130.41121
4012,-160.06009
4013,664.5293
4014,-153.92996
4015,-121.02999
4016,787.40344
4017,-122.749985
4018,-137.69052
4019,-128.35686
4020,-123.45665
4021,-139.47307
4022,-142.95204
4023,-148.11996
4024,-149.6412
4025,-122.73365
4026,-144.84998
4027,-140.39998
4028,-140.39322
4029,-132.68997
4030,-144.1131
4031,-134.04997
4032,-140.92487
4033,-136.27922
4034,-145.2039
4035,-136.35028
4036,-131.62138
4037,169.22546
4038,-135.65997
4039,106.47959
4040,-137.19998
4041,-100.01
4042,-140.61046
4043,-129.95998
4044,-138.87253
4045,-149.50998
4046,-149.00938
4047,-156.76411
4048,-132.26999
4049,-138.82999
4050,-142.70235
4051,608.5127
4052,100.65752
4053,-140.82835
4054,-133.12
4055,-140.87997
4056,-149.90045
4057,-1.7025604
4058,-118.341736
4059,-138.56998
4060,138.35864
4061,-142.1495
4062,-135.84999
4063,-158.79634
4064,-158.41101
4065,-114.43879
4066,-155.75107
4067,-117.2601
4068,451.904
4070,-144.97998
4071,-141.08295
4073,-106.23289
4074,-149.39894
4075,-116.692795
4076,-123.25341
4077,-134.48999
4078,-146.24997
4079,-150.5618
4080,-143.72273
4081,809.2814
4082,-132.69327
4084,-152.85059
4085,-119.346954
4086,-157.36433
4087,-141.96707
4088,-117.100006
4089,-153.07144
4090,-119.34999
4091,-135.84998
4092,325.7518
4093,-100.01
4094,-160.41873
4095,-121.26998
4096,-134.10999
4097,902.62354
4098,-139.05998
4099,-121.380005
4100,-122.639984
4101,65.28834
4102,-119.7054
4103,-129.46
4104,-100.01
4105,389.8723
4106,-123.98867
4107,-116.74282
4108,-128.25375
4109,-113.810326
4110,-112.39975
4111,-70.86236
4112,-125.6336
4113,7.9400635
4114,-52.432312
4115,-19.959389
4116,-56.347607
4117,-129.0167
4118,-46.6109
4119,-114.91502
4120,-123.7424
4121,-45.559032
4122,-35.888344
4123,361.6496
4124,129.5983
4125,-41.502094
4126,-27.401657
4127,-121.380325
4128,-130.82745
4129,-31.9076
4130,-128.6405
4131,-130.40689
4132,10.866135
4133,-32.42708
4134,-119.97965
4135,5.219719
4136,-20.454742
4137,-124.64446
4138,76.66777
4139,-104.65934
4140,-125.63979
4141,-61.708454
4142,-100.02
4143,38.022392
4144,-105.26338
4145,-7.8117676
4146,299.0971
4147,-111.75197
4148,-115.36001
4149,-118.68001
4150,173.50624
4151,-138.68645
4152,-123.380005
4153,-127.32001
4154,137.10617
4155,-91.79285
4156,-127.32001
4157,-127.22
4158,-110.98
4159,-127.44
4160,-113.08
4161,-106.044174
4162,-114.64793
4163,-139.24
4164,-92.4295
4165,-133.16206
4166,-130.1664
4167,-128.50002
4168,-98.30787
4169,-100.68244
4170,-1.9557877
4171,-136.79826
4172,-164.52547
4173,-128.95348
4174,-100.01
4175,-114.37
4176,-136.6
4177,-154.57199
4178,-137.61578
4179,16.39981
4180,-137.34387
4181,-138.72949
4182,-100.01
4183,-138.17513
4184,-111.46
4185,-136.81001
4186,-129.49992
4187,23.929657
4188,91.13993
4189,-147.40802
4190,-140.2896
4191,-148.40625
4192,183.87878
4193,-146.12721
4194,-148.75778
4195,-100.01
4196,-148.8216
4197,-144.34772
4198,-147.84103
4199,-131.0914
4200,-148.07692
4201,-140.6868
4202,-132.56236
4203,-154.15405
4204,-130.3948
4205,-142.30615
4206,-149.64336
4207,-29.078331
4208,-100.01
4209,-147.92497
4210,-142.39586
4211,204.6267
4212,-152.88927
4213,-147.59146
4214,-132.50989
4215,423.4147
4216,-142.1233
4217,-141.23236
4218,-146.14375
4219,920.94916
4220,121.39873
4221,-131.12454
4222,-151.99196
4223,-148.51929
4224,270.09576
4225,-136.6101
4226,-101.180374
4227,-142.39494
4228,-148.11542
4229,-130.67773
4230,-130.80542
4231,926.20215
4232,-152.50038
4233,664.8942
4234,-139.00757
4235,-142.72528
4236,-129.38664
4237,-139.06192
4238,-100.01
4239,54.909977
4240,-140.91159
4241,-42.741516
4242,-128.4823
4243,-144.96893
4244,-9.951965
4245,-128.35812
4246,-147.3601
4247,424.74246
4248,67.85586
4249,-140.49109
4250,-129.05795
4251,85.45711
4252,-112.90489
4253,116.314476
4254,-128.59454
4255,-103.05598
4256,-126.58367
4257,-120.15697
4258,-132.8082
4259,-133.70682
4260,-115.70457
4261,549.964
4262,-144.05167
4263,-125.22981
4264,-126.59519
4265,-126.58133
4266,-125.41732
4267,-144.66971
4268,-131.09503
4269,-149.34764
4270,-149.57114
4271,-144.26578
4272,-130.86313
4273,-133.40843
4274,181.41248
4275,-152.86615
4276,-143.91414
4277,-140.37587
4278,-142.85757
4279,-158.03326
4280,-142.15662
4281,-149.97235
4282,-159.70605
4283,-133.25856
4284,-148.79738
4285,-140.77623
4286,-132.29965
4287,-154.8089
4288,-145.6546
4289,-151.33388
4290,-149.87576
4291,-146.09555
4292,-153.15636
4293,-140.4565
4294,-133.7641
4295,-138.53174
4296,-126.829926
4297,730.795
4298,-100.01
4299,-114.74518
4300,-125.96748
4301,-129.14983
4302,-133.4562
4303,-140.15599
4304,-130.8559
4305,-61.539642
4306,-136.33104
4307,-132.42091
4308,-132.73294
4309,-150.67139
4310,-120.171555
4311,-122.31989
4312,-161.38167
4313,-154.78831
4314,-132.32938
4315,122.00462
4316,-183.16945
4317,-136.2803
4318,-131.28091
4319,2.6351166
4320,-144.75479
4321,292.245
4322,626.3628
4323,-139.71066
4324,-149.33206
4325,-152.16602
4326,-139.30219
4327,-134.781
4328,-54.94416
4329,-16.071594
4330,-141.073
4331,-115.02256
4332,376.59802
4333,-138.47556
4334,-106.705475
4335,-147.17027
4336,-134.4013
4337,-114.84621
4338,552.9316
4339,-16.576149
4340,57.519974
4341,11.268829
4342,-124.10307
4343,-107.942924
4344,-100.02
4345,-107.817535
4346,-122.78114
4347,-136.0778
4348,-117.54701
4349,-117.11914
4350,-112.75794
4351,-109.048164
4352,-136.50119
4353,-116.95951
4354,-117.22218
4355,-114.47412
4356,-135.73737
4357,-153.45277
4358,-128.98883
4359,-118.18777
4360,-120.46109
4361,-131.14407
4362,-22.104988
4363,-117.2215
4364,-128.05145
4365,-100.02
4366,-117.211624
4367,-133.3345
4368,200.3259
4369,-100.02
4370,-100.02
4371,-113.545265
4372,-132.04395
4373,-135.69669
4374,-127.506836
4375,-137.62083
4376,-113.29
4377,-134.96332
4378,-124.181046
4379,-118.97732
4380,591.65826
4381,-130.3465
4382,-99.058624
4383,-137.55002
4384,-121.46762
4385,-113.39962
4386,-100.02
4387,-132.7712
4388,-120.60285
4389,-119.406044
4390,30.53096
4391,-121.88301
4392,-8.524612
4393,-7.205864
4394,-127.92352
4395,-1.0591965
4396,-136.7947
4397,-92.81854
4398,-113.13458
4399,-102.330284
4400,-89.47872
4401,-138.35028
4402,-52.356426
4403,-11.951012
4404,-108.779205
4405,-114.684235
4406,433.6715
4407,-36.518456
4408,-126.1449
4409,-112.010185
4410,-126.216415
4411,-118.25594
4412,48.39228
4413,-96.823715
4414,-95.49192
4415,-15.070587
4416,-114.62142
4417,-137.44046
4418,-56.865894
4419,-92.416664
4420,8.511681
4421,-111.97168
4422,275.67886
4423,-13.251511
4424,-44.827187
4425,24.482948
4426,-115.68
4427,-10.764954
4428,210.2209
4429,-12.442238
4430,263.47812
4431,-134.15186
4432,35.982964
4433,-116.38853
4434,260.05704
4435,-116.522095
4436,384.7085
4437,-112.018394
4438,-69.05788
4439,-124.41941
4440,616.78125
4441,-118.98636
4442,-100.01
4443,-132.7945
4444,-48.484608
4445,-117.51595
4446,139.02217
4447,-143.03006
4448,-117.31001
4449,-132.26773
4450,-124.856865
4451,-19.753563
4453,-49.948967
4454,-127.397285
4455,-163.15224
4457,-130.76402
4458,-129.73853
4459,-143.95999
4460,-124.460014
4462,-139.77325
4463,1013.24164
4465,-171.69684
4466,-146.25206
4467,-141.17998
4468,-154.89003
4469,-147.991
4470,-145.03098
4471,-154.73279
4472,-155.04291
4473,-145.43997
4474,-205.82245
4478,101.79468
4479,510.1247
4482,-136.9802
4483,-120.89984
4484,-114.72534
4486,-157.29872
4487,50.594208
4488,-170.28664
4489,-134.26707
4490,-113.039406
4491,-100.01
4493,341.64517
4495,-155.55998
4496,-146.07999
4497,-134.39001
4498,-230.00851
4500,-107.87826
4501,-149.68648
4502,-144.86423
4504,-144.93997
4505,-252.02441
4506,-135.0613
4507,107.91663
4508,-118.749954
4509,-143.31998
4510,-150.2792
4511,-141.80228
4512,-197.32538
4513,-131.68971
4514,390.47284
4515,-100.01
4517,-127.76798
4519,-113.99984
4523,-182.88531
4524,-152.87259
4525,-160.50487
4526,-157.6288
4527,-132.34633
4528,-144.37952
4529,-157.38269
4530,-138.15636
4531,-158.91606
4532,-134.76361
4533,-158.31662
4534,-132.66008
4535,-135.24734
4536,-156.1946
4537,-132.14154
4538,221.55444
4539,-148.27205
4540,-100.02
4541,-152.1998
4542,-154.19333
4543,-160.60884
4544,83.472855
4545,-143.5387
4546,-149.28561
4547,-146.55402
4548,182.1856
4549,-118.79264
4550,-159.0073
4551,121.11185
4552,-117.307915
4553,-164.37938
4554,922.8268
4555,172.4847
4556,119.651634
4557,-110.16787
4558,-132.13887
4559,23.48465
4560,-131.51996
4561,-133.27495
4562,-133.48853
4563,650.6366
4564,-20.636665
4565,-124.74762
4566,-107.759834
4567,-134.31404
4568,-135.41396
4569,-134.61472
4570,-114.42801
4571,33.891014
4572,-100.01
4573,-143.80644
4574,-122.28826
4575,-119.81841
4576,341.69812
4577,80.5938
4578,-123.58178
4579,289.4703
4580,-114.13262
4581,-0.4121704
4582,-137.57275
4584,-137.01212
4585,-143.6831
4586,-115.98331
4587,-138.0453
4588,610.6826
4589,-145.43028
4590,-117.06312
4591,-133.54597
4592,-152.82932
4593,-142.68573
4594,-133.88573
4595,-148.38599
4597,-148.85074
4598,-124.64745
4599,-151.18465
4600,354.06238
4601,-143.394
4602,995.88586
4603,443.05798
4604,-154.88762
4605,846.7229
4606,113.43626
4607,-129.89679
4608,-130.47014
4609,-143.0433
4610,-100.01
4611,-140.8234
4612,-144.32497
4613,-121.10914
4614,-149.41219
4615,-136.86981
4616,-113.89972
4617,-135.74916
4618,-125.129425
4619,-125.66408
4620,-129.97118
4621,-118.61834
4622,-136.93848
4623,-135.24338
4624,-131.70085
4625,-121.15101
4626,-122.85597
4627,-27.504677
4628,12.655884
4629,76.40063
4630,172.05276
4631,223.54779
4632,-66.474556
4633,-131.38097
4634,348.32257
4635,-241.48495
4636,-128.68642
4637,-123.16117
4638,-118.92426
4639,-31.617554
4640,-124.039474
4641,-131.66997
4643,-157.51736
4644,-109.89963
4645,-138.42065
4646,-139.51569
4647,-184.54335
4648,-91.40636
4650,-125.43521
4651,-136.18106
4652,-131.3334
4653,11.578186
4654,108.67644
4655,-106.79666
4656,-96.83912
4657,-132.82207
4658,-102.53055
4659,-98.063
4660,-118.6333
4661,-117.31711
4662,-121.5162
4663,-128.58057
4664,-104.027725
4665,-118.71291
4666,244.63498
4667,-118.877556
4668,-126.594894
4669,-111.65281
4670,-127.846344
4671,-128.41797
4672,-123.6871
4673,-14.204407
4674,-123.580185
4675,-137.67322
4676,-133.9588
4677,-129.69577
4678,565.08563
4679,-152.0111
4680,-145.77008
4681,-135.14873
4682,-100.01
4683,-146.56227
4684,-143.92216
4685,-143.1808
4686,-139.14044
4687,-146.89127
4688,367.47983
4689,-157.45506
4690,-144.8518
4691,-132.10414
4692,1629.0173
4693,-144.78998
4694,206.85406
4696,-34.327324
4697,-151.97581
4698,-134.96011
4700,-154.34998
4701,1337.1138
4702,308.3079
4703,-126.65673
4704,-131.39879
4705,-133.59152
4706,-160.09709
4707,-132.67444
4708,-116.570984
4709,-128.83867
4710,482.80914
4711,-155.89096
4712,-129.98409
4713,-158.54037
4714,-139.4
4715,-123.38114
4716,-151.2915
4717,-141.59998
4718,-159.14006
4719,-136.80487
4720,-100.01
4721,745.85913
4722,-132.33472
4723,-124.41728
4724,-160.04465
4725,-100.02
4726,-154.22166
4727,-145.90056
4728,-191.54675
4729,-165.04329
4730,-145.37892
4731,-152.24728
4732,-195.6352
4733,-160.7244
4734,-148.58665
4735,-134.22835
4736,-97.07555
4737,-141.67456
4738,-152.00128
4739,-125.79121
4740,-153.8915
4741,-124.158554
4742,-120.728294
4743,-127.129745
4744,414.64832
4745,-116.65013
4746,-125.67998
4747,-124.296906
4748,-112.58361
4749,-134.34918
4750,-110.05711
4751,-110.53182
4752,-116.54441
4753,-132.36548
4754,17.907028
4755,-125.8078
4756,-119.04763
4757,-114.09945
4758,-103.93485
4759,-106.834984
4760,-101.66763
4761,-130.33212
4762,-97.27145
4763,490.26465
4764,51.93049
4765,-123.03959
4766,-149.02432
4767,118.13376
4768,-109.38879
4769,308.97897
4770,-140.43132
4771,-122.975365
4772,-134.10309
4773,-113.17291
4774,-128.96999
4775,241.14302
4776,-140.4361
4778,-138.20021
4779,-126.88637
4780,-132.4511
4781,-123.01388
4782,92.494736
4783,-122.43087
4784,-109.05187
4785,-59.713226
4786,-122.27001
4787,-139.56995
4788,-141.10959
4789,-99.54942
4790,-134.08644
4791,-137.52853
4792,-137.70047
4793,-123.887115
4794,-134.90002
4795,986.7124
4796,114.54408
4797,-241.42859
4799,-137.52
4800,-132.53117
4802,17.57222
4803,-129.88002
4804,192.43463
4805,51.003586
4806,-120.192116
4807,-126.55002
4808,-81.808
4809,-100.549995
4810,-138.07
4811,-85.156784
4812,473.47598
4813,-132.17322
4814,-136.91232
4815,-51.41539
4816,-124.54314
4817,-118.18182
4818,-123.673706
4819,2.9938736
4820,129.92305
4821,176.7818
4822,-133.89233
4823,-133.00967
4824,-118.046585
4825,391.80463
4826,-116.41955
4827,-116.52999
4828,-103.03364
4829,636.177
4830,-118.50435
4831,-132.69456
4832,-126.68468
4833,-100.01
4834,-114.73351
4835,74.87883
4836,-116.63208
4837,189.84253
4838,-132.07463
4839,-132.18309
4840,-137.48953
4841,-148.3394
4842,-142.94539
4843,-114.85593
4844,66.733215
4845,-138.7156
4846,-137.70064
4847,-153.72495
4848,-147.05841
4849,-135.73932
4850,497.4179
4851,-149.76003
4852,-116.66976
4853,-142.30446
4854,-137.57812
4855,35.602158
4856,-137.26976
4857,-131.4335
4858,-19.944038
4859,4.1162033
4860,6.8278656
4861,-121.79954
4862,161.29947
4863,-111.22
4864,-107.67535
4865,-123.673325
4866,-119.971085
4867,-107.95996
4868,-112.76976
4869,-109.072266
4870,-126.805275
4871,-100.01
4872,28.433426
4873,-129.43121
4874,-132.05884
4875,-139.36414
4876,-138.55533
4877,-138.09586
4878,168.5784
4879,-126.82054
4880,-140.77742
4881,-137.04933
4882,-159.66179
4883,-133.18953
4884,-131.27951
4885,-117.070496
4886,-124.07998
4887,-137.9014
4888,-144.99548
4889,-138.1617
4890,115.54629
4891,-130.2929
4892,-161.05038
4893,-139.70995
4894,-22.809822
4895,-100.01
4896,-146.23024
4897,-144.4796
4898,-138.36287
4899,-149.55939
4900,-131.2255
4901,-148.49062
4902,-118.55019
4903,-138.11186
4904,-150.22292
4905,795.1688
4906,-134.12946
4907,-132.03134
4908,-154.38646
4909,104.06161
4910,64.53099
4911,-127.26224
4912,-137.01566
4913,-106.94078
4914,-154.55527
4915,-101.51832
4916,-134.35751
4917,-135.27332
4918,-135.15695
4919,-152.40953
4920,-146.02478
4921,119.5529
4922,-140.5635
4923,-122.777885
4924,-114.02266
4925,-112.8371
4926,-135.75963
4927,-102.4567
4928,146.98566
4929,-102.921814
4930,338.74963
4931,-145.05666
4932,-124.48245
4933,-146.59698
4934,-131.54514
4935,-119.15841
4936,-141.13562
4937,-132.39581
4938,-131.3507
4939,-128.92728
4940,-107.20362
4941,-143.9182
4942,-114.277756
4943,-135.55374
4944,-105.57031
4945,-125.62161
4946,-132.0584
4947,-130.03583
4948,-137.17105
4949,-138.95119
4950,-127.02189
4951,-144.6476
4952,-126.480774
4953,77.62282
4954,-133.61555
4955,-123.59279
4956,-137.76123
4957,-147.00139
4958,308.36652
4959,634.25464
4960,-124.92903
4961,-121.754814
4962,-106.45172
4963,-141.04431
4964,-129.96852
4965,-103.64217
4966,-130.50584
4967,-141.46375
4968,-149.6573
4969,-139.94753
4970,-124.38614
4971,-147.87743
4972,-117.79676
4973,-149.45688
4974,-127.58626
4975,-137.42337
4976,-173.41559
4977,-120.26808
4978,-142.7214
4979,646.21643
4980,-156.56883
4981,-131.71088
4982,-129.9991
4983,-139.6097
4984,-123.50706
4985,-123.74742
4986,-118.386765
4987,-145.34245
4988,-139.39009
4989,-114.7919
4990,-141.99449
4991,-102.57565
4992,712.12524
4993,-131.07693
4994,-140.37056
4995,-128.89911
4996,-132.00516
4997,-118.9523
4998,-135.66165
4999,-145.72145
5000,-129.86774
